r,m,phi,p
0,0,0,0.16000000000000003
0.001,0.00000000234571398732045,0.000002324780334926553,0.15999832616248225
0.002,0.000000018765488374373663,0.000009069662822055765,0.15999346993916794
0.003,0.00000006333223523597927,0.000020308530080813495,0.1599853783586474
0.004,0.00000015011663406484243,0.000035969903033419316,0.15997410324311073
0.005,0.00000029318606447441787,0.000056025219279795764,0.1599596656478674
0.006,0.0000005066035405894012,0.0000804606524952604,0.15994207615144537
0.007,0.0000008044266467087018,0.00010926844733630436,0.15992134109440195
0.008,0.0000012007064739094522,0.00014244374717159783,0.15989746486326142
0.009000000000000001,0.00000170948655750725,0.00017998323119737216,0.15987045087167834
0.010000000000000002,0.0000023448018153811834,0.00022188445446070295,0.15984030203549482
0.011000000000000003,0.0000031206774872129824,0.0002681454978842996,0.1598070210245849
0.012000000000000004,0.0000040511280747096985,0.0003187647690524407,0.15977061040613882
0.013000000000000005,0.000005150156282890058,0.0003737408821949702,0.15973107273091214
0.014000000000000005,0.000006431751962520807,0.0004330725824493706,0.1596884105875819
0.015000000000000006,0.000007909891053793066,0.0004967586961810616,0.15964262663832762
0.016000000000000007,0.000009598534531331014,0.0005647980973128597,0.15959372364287228
0.017000000000000008,0.000011511627350626714,0.0006371896838557693,0.15954170447516483
0.01800000000000001,0.000013663097395995802,0.0007139323611477716,0.1594865721352192
0.01900000000000001,0.000016066854430149417,0.000795025029625689,0.15942832975767576
0.02000000000000001,0.000018736789045478063,0.0008804665757346699,0.15936698061808993
0.02100000000000001,0.00002168677161714335,0.0009702558650559227,0.1593025281376097
0.022000000000000013,0.000024930651258073654,0.001064391737032584,0.1592349758864886
0.023000000000000013,0.000028482254775959674,0.001162873000866587,0.15916432758674182
0.024000000000000014,0.00003235538563234595,0.001265698432286716,0.15909058711416094
0.025000000000000015,0.000036563822903914155,0.0013728667709737889,0.1590137584998419
0.026000000000000016,0.00004112132024605385,0.0014843767184877497,0.15893384593133753
0.027000000000000017,0.00004604160485881634,0.0016002269365825248,0.15885085375351707
0.028000000000000018,0.00005133837645534685,0.0017204160458236027,0.15876478646919406
0.02900000000000002,0.00005702530623289018,0.0018449426244442303,0.1586756487395684
0.03000000000000002,0.00006311603584646459,0.001973805207391363,0.15858344538451813
0.03100000000000002,0.00006962417638529858,0.0021070022855237476,0.15848818138276793
0.03200000000000002,0.00007656330735212467,0.0022445323049328954,0.15838986187195542
0.03300000000000002,0.00008394697564542424,0.0023863936663640222,0.15828849214861182
0.03400000000000002,0.00009178869454471697,0.002532584724718833,0.15818407766807005
0.035000000000000024,0.00010010194269898812,0.002683103788625712,0.1580766240443107
0.036000000000000025,0.0001089001631183467,0.0028379491200657414,0.1579661370497543
0.037000000000000026,0.00011819676216900688,0.0029971189340451945,0.15785262261500657
0.03800000000000003,0.00012800510857168486,0.0031606113983069016,0.15773608682856236
0.03900000000000003,0.00013833853240350304,0.0033284246330742722,0.15761653593647246
0.04000000000000003,0.00014921032410349273,0.0035005567108228656,0.1574939763419775
0.04100000000000003,0.00016063373348178633,0.0036770056560752823,0.15736841460511156
0.04200000000000003,0.0001726219687325896,0.00385776944521587,0.15723985744227828
0.04300000000000003,0.00018518819545102378,0.004042846006322314,0.15710831172580186
0.04400000000000003,0.00019834553565392763,0.00423223321901166,0.1569737844834542
0.04500000000000003,0.00021210706680470799,0.004425928914298686,0.1568362828979603
0.046000000000000034,0.00022648582084232785,0.004623930874464906,0.15669581430648305
0.047000000000000035,0.00024149478321452007,0.004826236832936679,0.15655238620008827
0.048000000000000036,0.00025714689191531426,0.005032844474171201,0.15640600622319142
0.04900000000000004,0.00027345503652696405,0.005243751433549266,0.15625668217298655
0.05000000000000004,0.0002904320572663615,0.005458955297273891,0.15610442199885824
0.05100000000000004,0.0003080907440360246,0.005678453602273993,0.15594923380177717
0.05200000000000004,0.0003264438354797435,0.005902243836112437,0.15579112583368013
0.05300000000000004,0.00034550401804297055,0.0061303234368978565,0.1556301064968345
0.05400000000000004,0.0003652839250380384,0.0063626897931997285,0.15546618434318815
0.05500000000000004,0.00038579613571429033,0.006599340243966252,0.1552993680737047
0.05600000000000004,0.00040705317433320585,0.006840272078444639,0.15512966653768492
0.057000000000000044,0.0004290675092486047,0.007085482536103473,0.15495708873207417
0.058000000000000045,0.0004518515519920107,0.00733496880655683,0.15478164380075662
0.059000000000000045,0.00047541765636325775,0.007588728029489905,0.15460334103383608
0.060000000000000046,0.0004997781175264183,0.007846757294585907,0.15442218986690404
0.06100000000000005,0.0005249451711111346,0.00810905364145401,0.15423819988029489
0.06200000000000005,0.000550930992319433,0.008375614059558188,0.15405138079832875
0.06300000000000004,0.0005777476950380996,0.00864643548814678,0.15386174248854192
0.06400000000000004,0.0006054073309566957,0.008921514816182608,0.15366929496090526
0.06500000000000004,0.0006339218886912907,0.009200848882273571,0.15347404836703055
0.06600000000000004,0.00066330329291399,0.009484434474603561,0.15327601299936525
0.06700000000000005,0.0006935634034883342,0.00977226833086362,0.1530751992903754
0.06800000000000005,0.0007247140146106435,0.010064347138183249,0.1528716178117174
0.06900000000000005,0.0007567668539573851,0.01036066753306178,0.15266527927339807
0.07000000000000005,0.0007897335818386356,0.010661226101299746,0.1524561945229239
0.07100000000000005,0.0008236257903577127,0.010966019377930191,0.15224437454443904
0.07200000000000005,0.0008584550025770495,0.011275043847149847,0.15202983045785248
0.07300000000000005,0.0008942326716903825,0.011588295942250141,0.15181257351795446
0.07400000000000005,0.0009309701802013251,0.011905772045547984,0.1515926151135222
0.07500000000000005,0.000968678839108398,0.012227468488316297,0.15136996676641515
0.07600000000000005,0.0010073698870965845,0.01255338155071424,0.15114464013065973
0.07700000000000005,0.001047054489735481,0.012883507461717111,0.15091664699152407
0.07800000000000006,0.0010877437386841125,0.013217842399045887,0.1506859992645823
0.07900000000000006,0.0011294486509024766,0.013556382489096378,0.15045270899476884
0.08000000000000006,0.001172180167869887,0.01389912380686798,0.15021678835542307
0.08100000000000006,0.0012159491548101797,0.014246062375891988,0.14997824964732376
0.08200000000000006,0.0012607663999238488,0.014597194168159475,0.1497371052977142
0.08300000000000006,0.0013066426136271751,0.014952515104048695,0.14949336785931744
0.08400000000000006,0.0013535884277984117,0.015312021052252019,0.14924705000934235
0.08500000000000006,0.0014016143950310882,0.015675707829702377,0.14899816454848017
0.08600000000000006,0.0014507309878944985,0.016043571201499195,0.14874672439989184
0.08700000000000006,0.0015009485982014294,0.016415606880833832,0.14849274260818632
0.08800000000000006,0.0015522775362831925,0.016791810528914493,0.14823623233838976
0.08900000000000007,0.0016047280302720185,0.017172177754890612,0.14797720687490598
0.09000000000000007,0.0016583102253908736,0.01755670411577671,0.14771567962046797
0.09100000000000007,0.0017130341832507514,0.017945385116375716,0.1474516640950809
0.09200000000000007,0.0017689098811555042,0.018338216209201754,0.14718517393495648
0.09300000000000007,0.0018259472114142627,0.018735192794402375,0.146916222891439
0.09400000000000007,0.0018841559806615045,0.019136310219680257,0.1466448248299229
0.09500000000000007,0.0019435459091848215,0.019541563780214353,0.14637099372876233
0.09600000000000007,0.0020041266302604434,0.019950948718580493,0.14609474367817255
0.09700000000000007,0.0020659076894965676,0.02036446022467145,0.14581608887912323
0.09800000000000007,0.002128898544184546,0.020782093435616437,0.14553504364222417
0.09900000000000007,0.002193108562657984,0.021203843435700098,0.14525162238660305
0.10000000000000007,0.0022585470236597942,0.02162970525628092,0.14496583963877574
0.10100000000000008,0.002325223115717262,0.022059673875709125,0.14467771003150898
0.10200000000000008,0.0023931459365251653,0.022493744219244032,0.1443872483026757
0.10300000000000008,0.002462324492336996,0.022931911158970867,0.14409446929410324
0.10400000000000008,0.0025327676973643325,0.023374169513717062,0.14379938795041416
0.10500000000000008,0.0026044843731844068,0.02382051404896802,0.14350201931786025
0.10600000000000008,0.0026774832481559073,0.024270939476782372,0.1432023785431495
0.10700000000000008,0.0027517729568430674,0.024725440455706696,0.14290048087226634
0.10800000000000008,0.002827362039448076,0.02518401159068976,0.14259634164928528
0.10900000000000008,0.0029042589412518545,0.025646647432996238,0.14228997631517784
0.11000000000000008,0.002982472012063242,0.026113342480119938,0.1419814004066132
0.11100000000000008,0.0030620095056766244,0.026584091175696548,0.14167062955475246
0.11200000000000009,0.00314287957933805,0.02705888790941589,0.14135767948403677
0.11300000000000009,0.003225090293219868,0.027537727016933695,0.1410425660109694
0.11400000000000009,0.0033086496099039246,0.028020602779782924,0.14072530504289182
0.11500000000000009,0.003393565393873356,0.028507509425284627,0.14040591257675403
0.11600000000000009,0.0034798454110130115,0.02899844112645834,0.1400844046978791
0.11700000000000009,0.0035674973281185395,0.029493392001932052,0.13976079757872237
0.11800000000000009,0.003656528712414172,0.02999235611585173,0.13943510747762478
0.11900000000000009,0.0037469470310792364,0.030495327477790428,0.1391073507375614
0.12000000000000009,0.003838759650783429,0.03100230004265698,0.13877754378488433
0.1210000000000001,0.003931973837230877,0.031513267710604274,0.1384457031280608
0.1220000000000001,0.00402659675471302,0.03202822432693716,0.13811184535640614
0.1230000000000001,0.00412263546567034,0.03254716368201994,0.13777598713881206
0.1240000000000001,0.0042200969302629635,0.0330700795111835,0.13743814522247016
0.12500000000000008,0.004318988005950164,0.033596965494632106,0.1370983364315909
0.12600000000000008,0.004419315447078794,0.03412781525734978,0.13675657766611804
0.12700000000000009,0.004521085904480661,0.03466262236900642,0.13641288590043896
0.12800000000000009,0.004624305925078878,0.03520138034386351,0.1360672781820905
0.1290000000000001,0.004728981951503213,0.035744082640679596,0.13571977163046103
0.1300000000000001,0.004835120321714454,0.03629072266261536,0.13537038343548832
0.1310000000000001,0.004942727268637801,0.036841293757138516,0.13501913085635375
0.1320000000000001,0.00505180891980533,0.03739578921592832,0.1346660312201728
0.1330000000000001,0.005162371297007515,0.03795420227477989,0.13431110192068194
0.1340000000000001,0.005274420315953854,0.03851652611350823,0.13395436041692219
0.1350000000000001,0.005387961785942598,0.03908275385585205,0.13359582423191918
0.1360000000000001,0.005503001409539595,0.039652878569377305,0.13323551095136027
0.1370000000000001,0.0056195447822662906,0.040226893265380606,0.13287343822226838
0.1380000000000001,0.005737597392296855,0.04080479089879236,0.13250962375167313
0.1390000000000001,0.005857164620164495,0.04138656436807977,0.13214408530527902
0.1400000000000001,0.005978251738476925,0.04197220651514964,0.13177684070613097
0.1410000000000001,0.006100863911641031,0.04256171012525107,0.13140790783327735
0.1420000000000001,0.0062250061955967245,0.04315506792687796,0.13103730462043064
0.1430000000000001,0.006350683537560004,0.043752272591671464,0.13066504905462573
0.1440000000000001,0.006477900775775217,0.04435331673432225,0.130291159174876
0.1450000000000001,0.00660666263927655,0.04495819291247278,0.1299156530708276
0.1460000000000001,0.006736973747658732,0.04556689362661941,0.12953854888141164
0.1470000000000001,0.006868838610856966,0.04617941132001454,0.12915986479349462
0.1480000000000001,0.007002261628936094,0.04679573837856863,0.12877961904052726
0.1490000000000001,0.00713724709188899,0.04741586713075229,0.12839782990119186
0.1500000000000001,0.007273799179444187,0.04803978984749829,0.12801451569804817
0.1510000000000001,0.007411921960882744,0.04866749874210365,0.12762969479617806
0.1520000000000001,0.007551619394864338,0.04929898597013172,0.12724338560182902
0.1530000000000001,0.007692895329262599,0.04993424362931434,0.1268556065610567
0.1540000000000001,0.007835753501009665,0.05057326375945406,0.12646637615836656
0.1550000000000001,0.007980197535949972,0.051216038342326485,0.12607571291535466
0.1560000000000001,0.008126230948703262,0.05186255930158268,0.12568363538934801
0.1570000000000001,0.008273857142536815,0.052512818502651756,0.12529016217204433
0.1580000000000001,0.008423079409246881,0.05316680775264359,0.12489531188815137
0.1590000000000001,0.008573900929049328,0.05382451880025171,0.12449910319402609
0.16000000000000011,0.008726324770479478,0.05448594333565639,0.12410155477631368
0.16100000000000012,0.008880353890301135,0.055151072990427964,0.12370268535058662
0.16200000000000012,0.00903599113342479,0.05581989933743037,0.12330251365998376
0.16300000000000012,0.009193239232834985,0.05649241389072494,0.12290105847384983
0.16400000000000012,0.009352100809526838,0.05716860810547452,0.12249833858637517
0.16500000000000012,0.009512578372451714,0.05784847337784781,0.1220943728152361
0.16600000000000012,0.00967467431847201,0.05853200104492415,0.12168918000023583
0.16700000000000012,0.009838390932325065,0.05921918238459853,0.12128277900194621
0.16800000000000012,0.010003730386596162,0.05991000861548707,0.12087518870035027
0.16900000000000012,0.01017069474170061,0.06060447089683288,0.12046642799348582
0.17000000000000012,0.010339285945874892,0.06130256032841228,0.12005651579609022
0.17100000000000012,0.01050950583517686,0.06200426795044156,0.11964547103824633
0.17200000000000013,0.010681356133494949,0.06270958474348415,0.11923331266402983
0.17300000000000013,0.0108548384525664,0.06341850162835828,0.11882005963015814
0.17400000000000013,0.011029954292004469,0.06413100946604527,0.11840573090464086
0.17500000000000013,0.0112067050393346,0.0648470990575982,0.11799034546543201
0.17600000000000013,0.01138509197003953,0.06556676114405126,0.11757392229908406
0.17700000000000013,0.011565116247613312,0.06628998640632977,0.11715648039940407
0.17800000000000013,0.011746778923624239,0.06701676546516064,0.11673803876611183
0.17900000000000013,0.011930080937786618,0.06774708888098367,0.11631861640350023
0.18000000000000013,0.012115023118041395,0.06848094715386342,0.11589823231909809
0.18100000000000013,0.012301606180645587,0.06921833072340186,0.11547690552233528
0.18200000000000013,0.012489830730270492,0.06995922996865171,0.11505465502321058
0.18300000000000013,0.01267969726010867,0.0707036352080306,0.11463149983096216
0.18400000000000014,0.012871206151989625,0.07145153669923597,0.1142074589527409
0.18500000000000014,0.013064357676504209,0.0722029246391609,0.11378255139228663
0.18600000000000014,0.013259151993137657,0.07295778916381068,0.11335679614860747
0.18700000000000014,0.01345558915041128,0.07371612034822032,0.11293021221466229
0.18800000000000014,0.013653669086032733,0.07447790820637304,0.11250281857604652
0.18900000000000014,0.013853391627054866,0.0752431426911196,0.11207463420968125
0.19000000000000014,0.01405475649004308,0.07601181369409872,0.111645678082506
0.19100000000000014,0.014257763281251196,0.07678391104565842,0.11121596915017498
0.19200000000000014,0.014462411496805761,0.07755942451477849,0.11078552635575717
0.19300000000000014,0.014668700522898788,0.07833834380899397,0.11035436862844027
0.19400000000000014,0.014876629635988866,0.07912065857431984,0.10992251488223855
0.19500000000000015,0.015086198003010611,0.07990635839517672,0.10948998401470485
0.19600000000000015,0.015297404681592424,0.08069543279431787,0.10905679490564675
0.19700000000000015,0.015510248620282498,0.08148787123275734,0.10862296641584704
0.19800000000000015,0.015724728658783067,0.08228366310969941,0.10818851738578858
0.19900000000000015,0.015940843528192798,0.08308279776246927,0.10775346663438375
0.20000000000000015,0.016158591851257356,0.08388526446644504,0.10731783295770844
0.20100000000000015,0.016377972142628032,0.08469105243499117,0.10688163512774089
0.20200000000000015,0.01659898280912842,0.0855001508193932,0.10644489189110529
0.20300000000000015,0.01682162215002911,0.08631254870879394,0.10600762196782036
0.20400000000000015,0.017045888357330324,0.08712823513013117,0.105569844050053
0.20500000000000015,0.017271779516052476,0.08794719904807673,0.1051315768008771
0.20600000000000016,0.017499293604534567,0.08876942936497731,0.10469283885303765
0.20700000000000016,0.01772842849474042,0.08959491492079669,0.10425364880772012
0.20800000000000016,0.017959181952572668,0.09042364449305962,0.10381402523332546
0.20900000000000016,0.018191551638194456,0.09125560679679738,0.10337398666425061
0.21000000000000016,0.018425535106358824,0.09209079048449507,0.10293355159967468
0.21100000000000016,0.018661129806745683,0.09292918414604052,0.10249273850235092
0.21200000000000016,0.018898333084306367,0.09377077630867509,0.10205156579740463
0.21300000000000016,0.0191371421796157,0.09461555543694619,0.10161005187113692
0.21400000000000016,0.01937755422923151,0.09546350993266178,0.10116821506983475
0.21500000000000016,0.01961956626606156,0.09631462813484662,0.10072607369858697
0.21600000000000016,0.01986317521973782,0.09716889831970053,0.10028364602010671
0.21700000000000016,0.020108377916998044,0.09802630870055866,0.09984095025356018
0.21800000000000017,0.020355171082074585,0.09888684742785371,0.09939800457340187
0.21900000000000017,0.020603551337090388,0.09975050258908026,0.09895482710821635
0.22000000000000017,0.020853515202462126,0.1006172622087612,0.09851143593956675
0.22100000000000017,0.02110505909731039,0.1014871142484163,0.09806784910084997
0.22200000000000017,0.02135817933987691,0.102360046606533,0.09762408457615868
0.22300000000000017,0.021612872147948717,0.10323604711853937,0.09718016029915039
0.22400000000000017,0.021869133639289207,0.10411510355677944,0.0967360941519234
0.22500000000000017,0.022126959832076045,0.10499720363049082,0.09629190396389999
0.22600000000000017,0.022386346645345837,0.10588233498578467,0.09584760751071672
0.22700000000000017,0.022647289899445523,0.10677048520562812,0.09540322251312211
0.22800000000000017,0.022909785316490423,0.10766164180982914,0.09495876663588163
0.22900000000000018,0.023173828520828877,0.1085557922550239,0.09451425748669018
0.23000000000000018,0.023439415039513408,0.10945292393466675,0.09406971261509219
0.23100000000000018,0.02370654030277837,0.11035302417902274,0.09362514951140924
0.23200000000000018,0.02397519964452397,0.11125608025516277,0.0931805856056755
0.23300000000000018,0.02424538830280667,0.11216207936696157,0.09273603826658097
0.23400000000000018,0.02451710142033581,0.11307100865509827,0.09229152480042253
0.23500000000000018,0.024790334044976516,0.11398285519705982,0.09184706245006306
0.23600000000000018,0.025065081130258675,0.11489760600714732,0.09140266839389855
0.23700000000000018,0.02534133753589204,0.11581524803648516,0.09095835974483332
0.23800000000000018,0.025619098028287334,0.11673576817303306,0.09051415354926359
0.23900000000000018,0.02589835728108329,0.11765915324160128,0.09007006678606912
0.24000000000000019,0.026179109875679583,0.11858539000386867,0.08962611636561336
0.2410000000000002,0.02646135030177558,0.11951446515840389,0.08918231912875207
0.2420000000000002,0.026745072957914798,0.12044636534068982,0.08873869184585029
0.2430000000000002,0.02703027215203508,0.12138107712315109,0.08829525121580803
0.2440000000000002,0.027316942102024344,0.12231858701518487,0.08785201386509464
0.2450000000000002,0.027605076936281885,0.12325888146319496,0.08740899634679182
0.2460000000000002,0.027894670694285133,0.12420194685062919,0.08696621513964546
0.2470000000000002,0.028185717327161817,0.12514776949802028,0.0865236866471264
0.2480000000000002,0.02847821069826744,0.12609633566303013,0.0860814271965001
0.2490000000000002,0.028772144583768023,0.12704763154049753,0.08563945303790531
0.25000000000000017,0.029067512673228015,0.1280016432624895,0.08519778034344185
0.25100000000000017,0.029364308570203335,0.12895835689835625,0.08475642520626751
0.25200000000000017,0.02966252579283943,0.12991775845478967,0.08431540363970422
0.25300000000000017,0.029962157774474328,0.1308798338758857,0.08387473157635335
0.25400000000000017,0.03026319786424654,0.13184456904321037,0.08343442486722052
0.25500000000000017,0.03056563932770784,0.1328119497758696,0.08299449928084976
0.25600000000000017,0.03086947534744073,0.13378196183058302,0.08255497050246702
0.2570000000000002,0.03117469902368064,0.13475459090176156,0.08211585413313335
0.2580000000000002,0.03148130337494268,0.13572982262158906,0.08167716568890761
0.2590000000000002,0.03178928133865294,0.136707642560108,0.08123892060001876
0.2600000000000002,0.03209862577178424,0.1376880362253092,0.08080113421004798
0.2610000000000002,0.03240932945149623,0.13867098906322567,0.08036382177512037
0.2620000000000002,0.032721385075779846,0.13965648645803072,0.07992699846310666
0.2630000000000002,0.03303478526410593,0.14064451373214026,0.07949067935283459
0.2640000000000002,0.03334952255807803,0.1416350561463194,0.07905487943331031
0.2650000000000002,0.033665589422089276,0.14262809889979344,0.07861961360294979
0.2660000000000002,0.03398297824398326,0.1436236271303632,0.07818489666882014
0.2670000000000002,0.0343016813357188,0.14462162591452493,0.07775074334589108
0.2680000000000002,0.034621690934038586,0.1456220802675946,0.07731716825629645
0.2690000000000002,0.03494299920114159,0.14662497514383682,0.07688418592860603
0.2700000000000002,0.03526559822535915,0.14763029543659847,0.07645181079710744
0.2710000000000002,0.03558948002183467,0.14863802597844686,0.07602005720109833
0.2720000000000002,0.035914636533206895,0.14964815154131267,0.07558893938418892
0.2730000000000002,0.03624105963029658,0.15066065683663782,0.07515847149361486
0.2740000000000002,0.03656874111279659,0.15167552651552796,0.07472866757956047
0.2750000000000002,0.036897672709965315,0.15269274516891004,0.07429954159449245
0.2760000000000002,0.03722784608132325,0.1537122973276947,0.07387110739250403
0.2770000000000002,0.03755925281735277,0.15473416746294377,0.07344337872866967
0.2780000000000002,0.037891884440200994,0.15575833998604277,0.07301636925841026
0.2790000000000002,0.038225732404385586,0.15678479924887853,0.07259009253686897
0.2800000000000002,0.0385607880975035,0.15781352954402197,0.07216456201829771
0.2810000000000002,0.03889704284094256,0.1588445151049162,0.07173979105545421
0.2820000000000002,0.03923448789059581,0.1598777401060697,0.07131579289900987
0.2830000000000002,0.039573114437578515,0.16091318866325496,0.07089258069696827
0.2840000000000002,0.03991291360894776,0.16195084483371258,0.07047016749409452
0.2850000000000002,0.04025387646842462,0.1629906926163606,0.07004856623135529
0.2860000000000002,0.0405959940171187,0.1640327159520094,0.06962778974536979
0.2870000000000002,0.040939257194255105,0.16507689872358225,0.06920785076787155
0.2880000000000002,0.041283656877903654,0.16612322475634123,0.06878876192518102
0.2890000000000002,0.04162918388571031,0.16717167781811898,0.0683705357376892
0.2900000000000002,0.04197582897563074,0.1682222416195561,0.06795318461935207
0.2910000000000002,0.04232358284666594,0.16927489981434418,0.0675367208771961
0.2920000000000002,0.04267243613959977,0.1703296359994748,0.06712115671083467
0.2930000000000002,0.04302237943773848,0.17138643371549414,0.06670650421199548
0.2940000000000002,0.04337340326765194,0.1724452764467638,0.06629277536405905
0.2950000000000002,0.0437254980999167,0.17350614762172722,0.06587998204160819
0.2960000000000002,0.044078654349860615,0.17456903061318232,0.0654681360099886
0.2970000000000002,0.04443286237830912,0.1756339087385601,0.06505724892488053
0.2980000000000002,0.04478811249233295,0.17670076526020936,0.06464733233188148
0.2990000000000002,0.04514439494599734,0.17776958338568746,0.06423839766610012
0.3000000000000002,0.04550169994111248,0.1788403462680574,0.06383045625176124
0.3010000000000002,0.045860017627985306,0.17991303700619093,0.06342351930182193
0.3020000000000002,0.046219338106172445,0.1809876386450782,0.0630175979175988
0.3030000000000002,0.046579651425234264,0.18206413417614345,0.06261270308840652
0.3040000000000002,0.04694094758548996,0.18314250653756728,0.062208845691207396
0.3050000000000002,0.047303216538773576,0.18422273861461513,0.061806036490272186
0.3060000000000002,0.04766644818919093,0.1853048132399724,0.06140428613685213
0.3070000000000002,0.048030632393877275,0.18638871319408584,0.061003605168862135
0.3080000000000002,0.04839575896375577,0.18747442120551178,0.060604004010575196
0.3090000000000002,0.048761817664296464,0.18856191995127053,0.060205492972328016
0.3100000000000002,0.04912879821627598,0.18965119205720773,0.059808082250237836
0.3110000000000002,0.049496690296537554,0.19074222009836217,0.05941178192593049
0.3120000000000002,0.049865483538751615,0.19183498659934037,0.05901660196627964
0.3130000000000002,0.05023516753417656,0.19292947403469787,0.05862255222315729
0.3140000000000002,0.05060573183241989,0.19402566482932723,0.05822964243319546
0.3150000000000002,0.05097716594219949,0.1951235413588529,0.05783788221755907
0.3160000000000002,0.051349459332104976,0.1962230859500329,0.057447281081730084
0.3170000000000002,0.05172260143135914,0.19732428088116735,0.05705784841530282
0.3180000000000002,0.05209658163057929,0.19842710838251387,0.05666959349179044
0.31900000000000023,0.05247138928253849,0.19953155063671002,0.056282525468442667
0.32000000000000023,0.05284701370292659,0.20063758977920254,0.05589665338607468
0.32100000000000023,0.05322344417111099,0.20174520789868372,0.055511986168907144
0.32200000000000023,0.05360066993089707,0.20285438703753475,0.05512853262441747
0.32300000000000023,0.05397868019128819,0.20396510919227603,0.05474630144320214
0.32400000000000023,0.05435746412724514,0.2050773563140247,0.05436530119885026
0.32500000000000023,0.05473701088044512,0.20619111030895917,0.053985540347828175
0.32600000000000023,0.055117309560040004,0.20730635303879077,0.0536070272293752
0.32700000000000023,0.055498349243413896,0.20842306632124263,0.05322977006541049
0.32800000000000024,0.055880118976939924,0.20954123193053556,0.05285377696045092
0.32900000000000024,0.05626260777673616,0.21066083159788135,0.052479055901540055
0.33000000000000024,0.05664580462942059,0.21178184701198305,0.05210561475818819
0.33100000000000024,0.057029698492865114,0.21290425981954264,0.051733461282323326
0.33200000000000024,0.057414278296948396,0.21402805162577587,0.051362603108253226
0.33300000000000024,0.05779953294430768,0.21515320399493434,0.05099304775263838
0.33400000000000024,0.05818545131108929,0.21627969845083486,0.050624802614475946
0.33500000000000024,0.058572022247697884,0.21740751647739615,0.0502578749750946
0.33600000000000024,0.05895923457954432,0.21853663951918267,0.0498922719981603
0.33700000000000024,0.05934707710779214,0.21966704898195608,0.04952800072969288
0.33800000000000024,0.059735538610102515,0.22079872623323354,0.04916506809809352
0.33900000000000025,0.060124607841377645,0.2219316526028538,0.04880348091418301
0.34000000000000025,0.06051427353450251,0.22306580938355025,0.04844324587125077
0.34100000000000025,0.06090452440108494,0.2242011778315315,0.04808436954511463
0.34200000000000025,0.06129534913219386,0.22533773916706926,0.04772685839419134
0.34300000000000025,0.06168673639909578,0.2264754745750934,0.04737071875957773
0.34400000000000025,0.06207867485398933,0.2276143652057946,0.04701595686514248
0.34500000000000025,0.062471153130737804,0.22875439217523397,0.046662578817628565
0.34600000000000025,0.06286415984559972,0.2298955365659604,0.04631059060676619
0.34700000000000025,0.06325768359795725,0.23103777942763487,0.04595999810539631
0.34800000000000025,0.0636517129710425,0.2321811017776622,0.045610807069604575
0.34900000000000025,0.06404623653266152,0.2333254846018302,0.04526302313886575
0.35000000000000026,0.06444124283591607,0.2344709088549558,0.04491665183619854
0.35100000000000026,0.06483672041992299,0.2356173554615389,0.04457169856833075
0.35200000000000026,0.06523265781053117,0.2367648053164229,0.04422816862587474
0.35300000000000026,0.06562904352103605,0.23791323928546307,0.043886067183513185
0.35400000000000026,0.06602586605289151,0.23906263820620163,0.04354539930019501
0.35500000000000026,0.06642311389641926,0.24021298288855036,0.04320616991934151
0.35600000000000026,0.06682077553151546,0.24136425411548018,0.042868383869062554
0.35700000000000026,0.06721883942835466,0.242516432643718,0.04253204586238293
0.35800000000000026,0.06761729404809097,0.24366949920445063,0.042197160497478604
0.35900000000000026,0.06801612784355633,0.24482343450403582,0.041863732257922996
0.36000000000000026,0.06841532925995596,0.2459782192247203,0.04153176551294316
0.36100000000000027,0.06881488673556073,0.2471338340253649,0.04120126451768577
0.36200000000000027,0.06921478870239661,0.2482902595421767,0.04087223341349297
0.36300000000000027,0.06961502358693103,0.24944747638944806,0.04054467622818787
0.36400000000000027,0.07001557981075603,0.2506054651603026,0.04021859687636979
0.36500000000000027,0.0704164457912683,0.25176420642744796,0.03989399915971907
0.36600000000000027,0.07081760994234595,0.2529236807439358,0.03957088676731146
0.36700000000000027,0.07121906067502201,0.2540838686439279,0.03924926327594197
0.36800000000000027,0.07162078639815447,0.2552447506434698,0.0389291321504582
0.36900000000000027,0.07202277551909307,0.25640630724127034,0.038610496744102975
0.3700000000000003,0.07242501644434249,0.25756851891948856,0.0382933602988663
0.3710000000000003,0.07282749758022213,0.25873136614452674,0.037977725945846544
0.3720000000000003,0.07323020733352226,0.25989482936783004,0.03766359670562079
0.3730000000000003,0.0736331341121566,0.26105888902669283,0.03735097548862426
0.3740000000000003,0.07403626632581124,0.2622235255450713,0.037039865095538776
0.3750000000000003,0.07443959238658976,0.2633887193344022,0.03673026821769016
0.3760000000000003,0.0748431007096547,0.2645544507944285,0.03642218743745454
0.3770000000000003,0.0752467797138652,0.26572070031403056,0.0361156252286734
0.3780000000000003,0.07565061782241068,0.26688744827206384,0.03581058395707743
0.3790000000000003,0.07605460346344074,0.26805467503820285,0.035507065880718995
0.3800000000000003,0.07645872507069104,0.26922236097379076,0.035205073150413164
0.3810000000000003,0.07686297108410521,0.2703904864326951,0.034904607810187276
0.3820000000000003,0.0772673299504527,0.2715590317621694,0.0346056717977389
0.3830000000000003,0.07767179012394254,0.2727279773037206,0.03430826694490216
0.3840000000000003,0.07807634006683303,0.27389730339398205,0.0340123949781223
0.3850000000000003,0.07848096825003714,0.27506699036559223,0.033718057518938416
0.3860000000000003,0.07888566315372383,0.27623701854807914,0.03342525608447434
0.3870000000000003,0.079290413267915,0.2774073682687497,0.03313399208793746
0.3880000000000003,0.0796952070930782,0.27857801985358505,0.03284426683912553
0.3890000000000003,0.08010003314071504,0.27974895362814084,0.03255608154494129
0.3900000000000003,0.08050487993394512,0.2809201499184527,0.032269437309914835
0.3910000000000003,0.08090973600808563,0.28209158905194687,0.03198433513673369
0.3920000000000003,0.08131458991122648,0.2832632513583556,0.03170077592678041
0.3930000000000003,0.08171943020480092,0.28443511717063785,0.0314187604806777
0.3940000000000003,0.08212424546415165,0.28560716682590426,0.031138289498840958
0.3950000000000003,0.08252902427909235,0.2867793806663473,0.030859363582038037
0.3960000000000003,0.08293375525446466,0.28795173904017546,0.030581983231956333
0.3970000000000003,0.08333842701069046,0.2891242223025524,0.03030614885177691
0.3980000000000003,0.08374302818431954,0.2902968108165402,0.030031860746755696
0.3990000000000003,0.08414754742857258,0.2914694849540465,0.029759119124811585
0.4000000000000003,0.08455197341387935,0.29264222509677673,0.02948792409712139
0.4010000000000003,0.08495629482841215,0.29381501163718915,0.029218275678721536
0.4020000000000003,0.08536050037861455,0.2949878249794547,0.02895017378911638
0.4030000000000003,0.08576457878972522,0.2961606455404201,0.02868361825289309
0.4040000000000003,0.08616851880629695,0.29733345375057485,0.028418608800342957
0.4050000000000003,0.08657230919271072,0.29850623005502147,0.028155145068089058
0.4060000000000003,0.08697593873368503,0.2996789549144495,0.027893226599720156
0.4070000000000003,0.08737939623478014,0.3008516088061124,0.027632852846430744
0.4080000000000003,0.0877826705228974,0.30202417222480765,0.027374023167667128
0.4090000000000003,0.08818575044677365,0.3031966256838602,0.027116736831779446
0.4100000000000003,0.08858862487747056,0.3043689497161082,0.02686099301667952
0.4110000000000003,0.08899128270885893,0.3055411248748919,0.026606790810504422
0.4120000000000003,0.08939371285809802,0.3067131317350449,0.0263541292122857
0.4130000000000003,0.08979590426610969,0.30788495089388795,0.026103007132624072
0.4140000000000003,0.09019784589804754,0.30905656297222506,0.025853423394369565
0.4150000000000003,0.09059952674376093,0.3102279486153416,0.025605376733306935
0.4160000000000003,0.09100093581825376,0.3113990884940047,0.025358865798846303
0.4170000000000003,0.09140206216213825,0.31256996330546527,0.02511388915471886
0.4180000000000003,0.09180289484208345,0.31374055377446186,0.024870445279677557
0.4190000000000003,0.09220342295125857,0.31491084065422603,0.02462853256820266
0.4200000000000003,0.0926036356097711,0.31608080472748923,0.02438814933121207
0.4210000000000003,0.09300352196509981,0.31725042680749077,0.024149293796776283
0.4220000000000003,0.09340307119252238,0.3184196877389871,0.02391196411083788
0.4230000000000003,0.09380227249553783,0.3195885683992621,0.02367615833793547
0.4240000000000003,0.0942011151062837,0.32075704969913765,0.0234418744619319
0.4250000000000003,0.09459958828594801,0.3219251125839857,0.02320911038674671
0.4260000000000003,0.09499768132517579,0.32309273803474003,0.022977863937092634
0.4270000000000003,0.09539538354447044,0.3242599070689087,0.02274813285921612
0.4280000000000003,0.09579268429458976,0.3254266007415868,0.02251991482164166
0.4290000000000003,0.0961895729569366,0.3265928001464687,0.0222932074159199
0.4300000000000003,0.09658603894394426,0.3277584864168608,0.022068008157379377
0.4310000000000003,0.09698207169945652,0.3289236407266933,0.021844314485881738
0.43200000000000033,0.09737766069910235,0.33008824429153205,0.021622123766580417
0.43300000000000033,0.09777279545066525,0.33125227836958926,0.02140143329068254
0.43400000000000033,0.09816746549444727,0.33241572426273364,0.021182240276214046
0.43500000000000033,0.09856166040362761,0.33357856331749947,0.02096454186878782
0.43600000000000033,0.098955369784616,0.33474077692609466,0.020748335142374792
0.43700000000000033,0.09934858327740052,0.3359023465274072,0.020533617100077853
0.43800000000000033,0.09974129055589026,0.33706325360801015,0.020320384674908456
0.43900000000000033,0.10013348132825245,0.3382234797031653,0.020108634730565827
0.44000000000000034,0.10052514533724431,0.33938300639782454,0.01989836406221863
0.44100000000000034,0.10091627236053953,0.34054181532762945,0.019689569397288997
0.44200000000000034,0.10130685221104936,0.3416998881799086,0.019482247396238786
0.44300000000000034,0.10169687473723833,0.3428572066946725,0.019276394653357957
0.44400000000000034,0.10208632982343464,0.34401375266560613,0.01907200769755496
0.44500000000000034,0.10247520739013517,0.34516950794105855,0.018869082993148996
0.44600000000000034,0.10286349739430516,0.3463244544250298,0.018667616940664055
0.44700000000000034,0.10325118982967248,0.34747857407815463,0.018467605877624596
0.44800000000000034,0.10363827472701662,0.34863184891868304,0.018269046079352765
0.44900000000000034,0.10402474215445233,0.3497842610234574,0.01807193375976703
0.45000000000000034,0.10441058221770791,0.35093579252888596,0.01787626507218211
0.45100000000000035,0.10479578506039813,0.3520864256319127,0.0176820361101101
0.45200000000000035,0.105180340864292,0.35323614259098324,0.017489242908062645
0.45300000000000035,0.10556423984957497,0.3543849257270063,0.017297881442354068
0.45400000000000035,0.1059474722751061,0.35553275742431156,0.017107947631905342
0.45500000000000035,0.1063300284386698,0.3566796201316023,0.016919437339048774
0.45600000000000035,0.10671189867722226,0.35782549636290417,0.016732346370333284
0.45700000000000035,0.10709307336713277,0.3589703686985085,0.016546670477330182
0.45800000000000035,0.10747354292441957,0.36011421978591107,0.016362405357439304
0.45900000000000035,0.10785329780498074,0.3612570323407455,0.016179546654695415
0.46000000000000035,0.10823232850481955,0.36239878914771173,0.015998089960574755
0.46100000000000035,0.10861062556026488,0.3635394730614983,0.015818030814801605
0.46200000000000035,0.10898817954818629,0.36467906700769986,0.015639364706154776
0.46300000000000036,0.10936498108620393,0.365817553983728,0.015462087073273888
0.46400000000000036,0.10974102083289333,0.36695491705971695,0.015286193305465356
0.46500000000000036,0.11011628948798502,0.3680911393794223,0.015111678743507941
0.46600000000000036,0.11049077779255899,0.3692262041611141,0.014938538680457763
0.46700000000000036,0.11086447652923415,0.3703600946984632,0.014766768362452677
0.46800000000000036,0.11123737652235255,0.3714927943614207,0.014596362989515893
0.46900000000000036,0.11160946863815865,0.372624286597091,0.014427317716358717
0.47000000000000036,0.11198074378497352,0.3737545549305979,0.014259627653182335
0.47100000000000036,0.11235119291336394,0.37488358296594304,0.014093287866478494
0.47200000000000036,0.11272080701630657,0.3760113543868578,0.013928293379829003
0.47300000000000036,0.11308957712934714,0.3771378529576472,0.013764639174703927
0.47400000000000037,0.11345749433075461,0.3782630625240264,0.01360232019125838
0.47500000000000037,0.11382454974167044,0.3793869670139497,0.0134413313291278
0.47600000000000037,0.11419073452625299,0.38050955043843104,0.013281667448221611
0.47700000000000037,0.11455603989181688,0.3816307968923572,0.013123323369515159
0.47800000000000037,0.11492045708896771,0.3827506905552921,0.012966293875839823
0.47900000000000037,0.11528397741173174,0.3838692156922734,0.0128105737126712
0.48000000000000037,0.11564659219768085,0.38498635665460007,0.012656157588915256
0.48100000000000037,0.11600829282805271,0.3861020978806117,0.012503040177692347
0.4820000000000004,0.1163690707278662,0.387216423896459,0.012351216117119009
0.4830000000000004,0.11672891736603207,0.38832931931686504,0.012200680011087414
0.4840000000000004,0.11708782425545888,0.3894407688458779,0.012051426430042405
0.4850000000000004,0.1174457829531544,0.39055075727761407,0.01190344991175599
0.4860000000000004,0.11780278506032216,0.39165926949699215,0.011756744962099224
0.4870000000000004,0.11815882222245354,0.3927662904804576,0.011611306055811373
0.4880000000000004,0.11851388612941527,0.3938718052966975,0.011467127637266254
0.4890000000000004,0.11886796851553227,0.39497579910734615,0.011324204121235686
0.4900000000000004,0.11922106115966609,0.3960782571676801,0.011182529893649923
0.4910000000000004,0.11957315588528879,0.3971791648273039,0.011042099312355013
0.4920000000000004,0.11992424456055238,0.3982785075308257,0.010902906707866972
0.4930000000000004,0.12027431909835387,0.39937627081852217,0.010764946384122683
0.4940000000000004,0.12062337145639584,0.40047244032699364,0.01062821261922745
0.4950000000000004,0.1209713936372428,0.40156700178980875,0.0104926996661991
0.4960000000000004,0.12131837768837303,0.40265994103813846,0.01035840175370856
0.4970000000000004,0.12166431570222633,0.4037512440013796,0.010225313086816816
0.4980000000000004,0.12200919981624736,0.4048408967077674,0.010093427847708182
0.4990000000000004,0.12235302221292488,0.4059288852849777,0.00996274019641979
0.5000000000000003,0.12269577511982668,0.4070151959607177,0.009833244271567213
0.5010000000000003,0.12303745080963052,0.4080998150633061,0.009704934191066165
0.5020000000000003,0.12337804160015078,0.409182729022242,0.009577804052850164
0.5030000000000003,0.12371753985436118,0.41026392436876247,0.009451847935584122
0.5040000000000003,0.12405593798041337,0.4113433877363891,0.00932705989937375
0.5050000000000003,0.12439322843165157,0.4124211058614631,0.00920343398647073
0.5060000000000003,0.12472940370662326,0.4134970655836686,0.009080964221973568
0.5070000000000003,0.12506445634908586,0.41457125384654525,0.008959644614524052
0.5080000000000003,0.12539837894800956,0.4156436576979882,0.008839469156999263
0.5090000000000003,0.1257311641375764,0.41671426429073727,0.008720431827199051
0.5100000000000003,0.1260628045971754,0.4177830608828538,0.00860252658852892
0.5110000000000003,0.1263932930513939,0.41885003483818617,0.00848574739067825
0.5120000000000003,0.1267226222700054,0.41991517362682307,0.008370088170293794
0.5130000000000003,0.12705078506795334,0.42097846482553497,0.008255542851648387
0.5140000000000003,0.12737777430533165,0.42203989611820375,0.008142105347304798
0.5150000000000003,0.12770358288736128,0.4230994552962401,0.00802976955877468
0.5160000000000003,0.12802820376436344,0.4241571302589889,0.00791852937717254
0.5170000000000003,0.1283516299317292,0.42521290901412245,0.007808378683864687
0.5180000000000003,0.1286738544298855,0.4262667796780217,0.007699311351113086
0.5190000000000003,0.128994870344258,0.42731873047614494,0.007591321242714086
0.5200000000000004,0.12931467080523015,0.4283687497433845,0.007484402214631939
0.5210000000000004,0.1296332489880992,0.42941682592441105,0.007378548115627087
0.5220000000000004,0.12995059811302861,0.43046294757400555,0.007273752787879144
0.5230000000000004,0.1302667114449975,0.431507103357379,0.007170010067604538
0.5240000000000004,0.13058158229374645,0.43254928205047966,0.0070673137856687605
0.5250000000000004,0.13089520401372048,0.43358947254028785,0.0069656577681931715
0.5260000000000004,0.13120757000400862,0.4346276638250985,0.006865035837156333
0.5270000000000004,0.13151867370828046,0.43566384501479116,0.0067654418109898045
0.5280000000000004,0.13182850861471956,0.4366980053310876,0.0066668695051683765
0.5290000000000004,0.13213706825595392,0.4377301341077969,0.006569312732794696
0.5300000000000004,0.13244434620898335,0.4387602207910481,0.006472765305178242
0.5310000000000004,0.13275033609510395,0.4397882549395105,0.00637722103240862
0.5320000000000004,0.13305503157982962,0.4408142262246015,0.006282673723923134
0.5330000000000004,0.13335842637281084,0.44183812443068154,0.006189117189068608
0.5340000000000004,0.13366051422775047,0.44285993945523733,0.006096545237657415
0.5350000000000004,0.13396128894231676,0.443879661309052,0.006004951680517692
0.5360000000000004,0.13426074435805385,0.44489728011636315,0.005914330330037708
0.5370000000000004,0.13455887436028927,0.4459127861150085,0.005824675000704348
0.5380000000000004,0.13485567287803893,0.4469261696565589,0.005735979509635702
0.5390000000000004,0.13515113388390962,0.44793742120643915,0.00564823767710772
0.5400000000000004,0.13544525139399866,0.44894653134403645,0.005561443327074915
0.5410000000000004,0.13573801946779127,0.4499534907627966,0.00547559028768509
0.5420000000000004,0.1360294322080553,0.4509582902703077,0.005390672391788069
0.5430000000000004,0.13631948376073363,0.4519609207883718,0.005306683477438413
0.5440000000000004,0.1366081683148341,0.45296137335306413,0.005223617388392095
0.5450000000000004,0.1368954801023171,0.4539596391147804,0.005141467974597132
0.5460000000000004,0.13718141339798087,0.45495570933827173,0.005060229092678143
0.5470000000000004,0.13746596251934443,0.4559495754026677,0.004979894606414829
0.5480000000000004,0.13774912182652843,0.45694122880148696,0.004900458387214359
0.5490000000000004,0.1380308857221338,0.4579306611426365,0.004821914314577652
0.5500000000000004,0.138311248651118,0.4589178641483982,0.0047442562765595405
0.5510000000000004,0.13859020510066952,0.4599028296554042,0.004667478170222815
0.5520000000000004,0.1388677496000802,0.46088554961459993,0.004591573902086137
0.5530000000000004,0.1391438767206153,0.46186601609119565,0.004516537388565816
0.5540000000000004,0.13941858107538194,0.46284422126460617,0.00444236255641144
0.5550000000000004,0.13969185731919542,0.46382015742837895,0.0043690433431353756
0.5560000000000004,0.1399637001484437,0.4647938169901107,0.004296573697436108
0.5570000000000004,0.1402341043009499,0.46576519247135234,0.004224947579615445
0.5580000000000004,0.14050306455583325,0.4667342765075028,0.004154158961989573
0.5590000000000004,0.140770575733368,0.4677010618476911,0.004084201829293969
0.5600000000000004,0.1410366326948407,0.46866554135464744,0.004015070179082174
0.5610000000000004,0.14130123034240602,0.46962770800456294,0.003946758022118431
0.5620000000000004,0.14156436361894045,0.47058755488693854,0.003879259382764193
0.5630000000000004,0.14182602750789483,0.4715450752044225,0.0038125682993585125
0.5640000000000004,0.1420862170331451,0.47250026227263736,0.0037466788245923126
0.5650000000000004,0.14234492725884165,0.4734531095199956,0.003681585025876557
0.5660000000000004,0.14260215328925693,0.4744036104875049,0.003617280985704326
0.5670000000000004,0.142857890268632,0.4753517588285629,0.003553760802006808
0.5680000000000004,0.14311213338102138,0.47629754830874077,0.0034910185885032277
0.5690000000000004,0.14336487785013668,0.4772409728055569,0.0034290484750447124
0.5700000000000004,0.14361611893918882,0.4781820263082399,0.003367844607952126
0.5710000000000004,0.14386585195072904,0.4791207029174817,0.0033074011503478754
0.5720000000000004,0.14411407222648862,0.48005699684517994,0.0032477122824817106
0.5730000000000004,0.14436077514721743,0.48099090241417075,0.003188772202050543
0.5740000000000004,0.1446059561325213,0.4819224140579515,0.0031305751245122885
0.5750000000000004,0.1448496106406983,0.4828515263203935,0.0030731152833937702
0.5760000000000004,0.14509173416857374,0.48377823385544527,0.0030163869305926904
0.5770000000000004,0.1453323222513345,0.4847025314268259,0.0029603843366737027
0.5780000000000004,0.1455713704623619,0.4856244139077092,0.002905101791158603
0.5790000000000004,0.14580887441306406,0.4865438762803982,0.0028505336028106652
0.5800000000000004,0.14604482975270683,0.4874609136359905,0.0027966740999131505
0.5810000000000004,0.14627923216824432,0.4883755211740344,0.0027435176305420075
0.5820000000000004,0.14651207738414818,0.4892876942021761,0.0026910585628328026
0.5830000000000004,0.14674336116223627,0.49019742813579803,0.002639291285241897
0.5840000000000004,0.1469730793015005,0.49110471849764803,0.00258821020680191
0.5850000000000004,0.14720122763793392,0.4920095609174602,0.0025378097573714883
0.5860000000000004,0.14742780204435707,0.49291195113156705,0.002488084387879421
0.5870000000000004,0.14765279843024368,0.49381188498250345,0.0024390285705631247
0.5880000000000004,0.1478762127415458,0.4947093584186018,0.0023906367992015355
0.5890000000000004,0.14809804096051826,0.49560436749357956,0.0023429035893424398
0.5900000000000004,0.14831827910554252,0.4964969083661183,0.0022958234785242747
0.5910000000000004,0.1485369232309501,0.4973869772994352,0.0022493910264924388
0.5920000000000004,0.1487539694268456,0.49827457066084635,0.002203600815410141
0.5930000000000004,0.14896941381892892,0.49915968492132284,0.002158447450063829
0.5940000000000004,0.1491832525683175,0.500042316655039,0.002113925558063233
0.5950000000000004,0.14939548187136786,0.5009224625389131,0.002070029790036058
0.5960000000000004,0.14960609795949703,0.5018001193521417,0.002026754819817368
0.5970000000000004,0.14981509709900342,0.5026752839757254,0.0019840953446336965
0.5980000000000004,0.15002247559088772,0.5035479533919885,0.0019420460852819237
0.5990000000000004,0.15022822977067327,0.5044181246840923,0.0019006017863029605
0.6000000000000004,0.15043235600822644,0.5052857950355403,0.0018597572161502787
0.6010000000000004,0.1506348507075768,0.5061509617296778,0.001819507167353328
0.6020000000000004,0.1508357103067371,0.5070136221491849,0.0017798464566758806
0.6030000000000004,0.15103493127752324,0.5078737737755626,0.0017407699252693473
0.6040000000000004,0.15123251012537411,0.5087314141886138,0.001702272438821104
0.6050000000000004,0.15142844338917152,0.5095865410659168,0.0016643488876978713
0.6060000000000004,0.15162272764106008,0.5104391521822943,0.0016269941870841952
0.6070000000000004,0.1518153594862671,0.5112892454092755,0.0015902032771160644
0.6080000000000004,0.15200633556292265,0.5121368187145531,0.0015539711230097139
0.6090000000000004,0.1521956525418798,0.512981870161435,0.0015182927151856569
0.6100000000000004,0.15238330712653494,0.51382439790829,0.0014831630693879889
0.6110000000000004,0.1525692960526483,0.5146644002079885,0.0014485772267990092
0.6120000000000004,0.15275361608816476,0.5155018754073384,0.0014145302541492052
0.6130000000000004,0.152936264033035,0.5163368219465154,0.0013810172438226444
0.6140000000000004,0.15311723671903685,0.5171692383584894,0.0013480333139578187
0.6150000000000004,0.1532965310095971,0.5179991232684449,0.0013155736085439893
0.6160000000000004,0.15347414379961366,0.5188264753931983,0.0012836332975130738
0.6170000000000004,0.15365007201527828,0.5196512935406092,0.0012522075768271273
0.6180000000000004,0.1538243126138996,0.5204735766089894,0.0012212916685614577
0.6190000000000004,0.15399686258372677,0.5212933235865052,0.001190880820983427
0.6200000000000004,0.1541677189437738,0.5221105335505778,0.0011609703086269804
0.6210000000000004,0.15433687874364427,0.5229252056672791,0.0011315554323629545
0.6220000000000004,0.154504339063357,0.5237373391907233,0.0011026315194652058
0.6230000000000004,0.15467009701317216,0.5245469334624554,0.0010741939236726121
0.6240000000000004,0.15483414973341833,0.5253539879108361,0.0010462380252469878
0.6250000000000004,0.15499649439432026,0.526158502050423,0.0010187592310269642
0.6260000000000004,0.1551571281958276,0.5269604754813492,0.0009917529744778793
0.6270000000000004,0.15531604836744445,0.5277599078886979,0.0009652147157377229
0.6280000000000004,0.1554732521680599,0.5285567990418751,0.0009391399416591862
0.6290000000000004,0.15562873688577966,0.5293511487939787,0.0009135241658478591
0.6300000000000004,0.15578249983775874,0.5301429570811648,0.0008883629286966233
0.6310000000000004,0.15593453837003524,0.5309322239220118,0.0008636517974162864
0.6320000000000005,0.1560848498573654,0.5317189494168822,0.0008393863660625035
0.6330000000000005,0.15623343170306,0.5325031337472818,0.0008155622555590297
0.6340000000000005,0.15638028133882204,0.5332847771752157,0.0007921751137173517
0.6350000000000005,0.15652539622458572,0.5340638800425448,0.0007692206152527403
0.6360000000000005,0.1566687738483573,0.5348404427703372,0.0007466944617967702
0.6370000000000005,0.1568104117260572,0.5356144658582203,0.0007245923819063504
0.6380000000000005,0.15695030740136384,0.5363859498837297,0.0007029101310693082
0.6390000000000005,0.15708845844555955,0.5371548955016572,0.0006816434917065708
0.6400000000000005,0.15722486245737793,0.537921303443397,0.0006607882731709856
0.6410000000000005,0.15735951706285356,0.5386851745162906,0.0006403403117428223
0.6420000000000005,0.15749241991517354,0.5394465096029709,0.0006202954706219969
0.6430000000000005,0.15762356869453145,0.5402053096607047,0.0006006496399170577
0.6440000000000005,0.15775296110798348,0.540961575720734,0.0005813987366309731
0.6450000000000005,0.15788059488930725,0.5417153088876173,0.0005625387046437598
0.6460000000000005,0.15800646779886307,0.5424665103385695,0.000544065514691988
0.6470000000000005,0.15813057762345814,0.5432151813228013,0.0005259751643452005
0.6480000000000005,0.15825292217621356,0.5439613231608581,0.0005082636779792804
0.6490000000000005,0.15837349929643477,0.5447049372439584,0.0004909271067468009
0.6500000000000005,0.15849230684948504,0.5454460250333325,0.00047396152854438974
0.6510000000000005,0.1586093427266628,0.54618458805956,0.0004573630479771379
0.6520000000000005,0.1587246048450826,0.5469206279219084,0.0004411277963200819
0.6530000000000005,0.15883809114756034,0.5476541462876707,0.00042525193147678576
0.6540000000000005,0.1589497996025027,0.548385144891504,0.0004097316379350471
0.6550000000000005,0.15905972820380132,0.5491136255347683,0.00039456312671974907
0.6560000000000005,0.15916787497073215,0.5498395900848648,0.000379742635342877
0.6570000000000005,0.15927423794785986,0.5505630404745765,0.0003652664277507163
0.6580000000000005,0.15937881520494843,0.5512839787014073,0.0003511307942682429
0.6590000000000005,0.15948160483687782,0.5520024068269238,0.0003373320515407165
0.6600000000000005,0.1595826049635674,0.5527183269760969,0.00032386654247247923
0.6610000000000005,0.1596818137299068,0.5534317413366444,0.00031073063616296107
0.6620000000000005,0.15977922930569463,0.5541426521583755,0.0002979207278398846
0.6630000000000005,0.1598748498855858,0.5548510617525356,0.00028543323878965794
0.6640000000000005,0.15996867368904844,0.5555569724911531,0.0002732646162849372
0.6650000000000005,0.16006069896033073,0.5562603868063873,0.00026141133350933085
0.6660000000000005,0.16015092396843922,0.5569613071898788,0.0002498698894792113
0.6670000000000005,0.16023934700712922,0.5576597361920999,0.0002386368089625876
0.6680000000000005,0.1603259663949088,0.5583556764217088,0.0002277086423949818
0.6690000000000005,0.16041078047505744,0.559049130544905,0.00021708196579223906
0.6700000000000005,0.16049378761566116,0.5597401012847864,0.00020675338066018472
0.6710000000000005,0.1605749862096656,0.5604285914207094,0.00019671951390102575
0.6720000000000005,0.16065437467494922,0.5611146037876518,0.00018697701771637238
0.6730000000000005,0.1607319514544187,0.5617981412755769,0.0001775225695067324
0.6740000000000005,0.16080771501612914,0.5624792068288024,0.00016835287176730334
0.6750000000000005,0.16088166385343206,0.5631578034453705,0.00015946465197985493
0.6760000000000005,0.16095379648515437,0.5638339341764225,0.00015085466250045685
0.6770000000000005,0.16102411145581255,0.5645076021255763,0.0001425196804427619
0.6780000000000005,0.16109260733586594,0.5651788104483073,0.00013445650755650155
0.6790000000000005,0.161159282722015,0.565847562351334,0.000126661970100789
0.6800000000000005,0.1612241362375501,0.5665138610920072,0.0001191329187117484
0.6810000000000005,0.16128716653275835,0.5671777099777034,0.00011186622826389997
0.6820000000000005,0.1613483722853964,0.5678391123652243,0.00010485879772462177
0.6830000000000005,0.16140775220123957,0.5684980716602002,0.00009810755000087704
0.6840000000000005,0.1614653050147187,0.5691545913164997,0.00009160943177723618
0.6850000000000005,0.16152102948965882,0.5698086748356459,0.00008536141334402533
0.6860000000000005,0.16157492442013632,0.5704603257662384,0.00007936048841419147
0.6870000000000005,0.16162698863147507,0.5711095477033835,0.00007360367392717292
0.6880000000000005,0.1616772209814058,0.5717563442881324,0.00006808800983768842
0.6890000000000005,0.1617256203614188,0.5724007192069279,0.00006281055888688461
0.6900000000000005,0.16177218569834678,0.5730426761910621,0.000057768406352681816
0.6910000000000005,0.16181691595622344,0.573682219016144,0.000052958659775390846
0.6920000000000005,0.1618598101384748,0.5743193515015818,0.00004837844865368365
0.6930000000000005,0.1619008672905148,0.5749540775100773,0.000044024924104711926
0.6940000000000005,0.16194008650283623,0.5755864009471398,0.000039895258480472943
0.6950000000000005,0.16197746691471354,0.5762163257606164,0.00003598664493026834
0.6960000000000005,0.16201300771866892,0.5768438559402478,0.00003229629689607074
0.6970000000000005,0.16204670816589947,0.5774689955172482,0.000028821447523485088
0.6980000000000005,0.16207856757292868,0.578091748563919,0.000025559348965292498
0.6990000000000005,0.16210858532983546,0.5787121191933002,0.000022507271546580736
0.7000000000000005,0.16213676091054338,0.5793301115588692,0.000019662502749102483
0.7010000000000005,0.16216309388583908,0.5799457298542976,0.000017022345956051876
0.7020000000000005,0.1621875839400638,0.5805589783132821,0.000014584118874193107
0.7030000000000005,0.16221023089283482,0.5811698612094685,0.00001234515151380606
0.7040000000000005,0.16223103472778752,0.5817783828564973,0.000010302783550970137
0.7050000000000005,0.16224999563132042,0.5823845476082107,0.000008454360809177204
0.7060000000000005,0.16226711404590455,0.5829883598590744,0.000006797230458004357
0.7070000000000005,0.16228239074505493,0.5835898240448961,0.000005328734303475591
0.7080000000000005,0.16229582694105585,0.5841889446439559,0.000004046199195347835
0.7090000000000005,0.16230742444211568,0.5847857261787106,0.0000029469230961437403
0.7100000000000005,0.1623171858788681,0.5853801732182748,0.0000020281551222305547
0.7110000000000005,0.16232511498765967,0.5859722903817421,0.0000012870709733937875
0.7120000000000005,0.16233121659967814,0.5865620823409764,0.0000007207764261373983
0.7130000000000005,0.1623354922260477,0.5871495538078119,0.0000003267157830010019
